PK,CCR,HIERARCHY,INCIDENTTIME,INCIDENTLOCATION,CLEAREDFLAG,INCIDENTNEIGHBORHOOD,INCIDENTZONE,INCIDENTHIERARCHYDESC,OFFENSES,INCIDENTTRACT,COUNCIL_DISTRICT,PUBLIC_WORKS_DIVISION,X,Y
2809757,16022998,3,2016-02-07T05:20:00,"800 Block Brushton AV Pittsburgh, PA 15221",Y,Homewood South,5,ROBBERY/CARJACK/GUN,903 Criminal Conspiracy. / 3701 Robbery. / 3702 Robbery of Motor Vehicle.,1304,9,2,-79.88837848,40.45461029
2815031,16038201,3,2016-03-02T03:52:00,"1300 Block Oakdene ST Pittsburgh, PA 15206",N,Lincoln-Lemington-Belmar,5,ROBBERY/CARJACK/STRONGARM,3702 Robbery of Motor Vehicle.,1202,9,2,-79.89076938,40.46190084
2815903,16040238,3,2016-03-05T10:42:00,"7200 Block Hermitage ST Pittsburgh, PA 15208",Y,Homewood North,5,ROBBERY/CARJACK/STRONGARM,2701 Simple Assault. / 2706 Terroristic Threats. / 2902 Unlawful Restraint. / 3702 Robbery of Motor Vehicle. / 3921 Theft by Unlawful Taking or Disposition. / 1543 Driving While Operating Privilege is Suspended or Revoked.,1302,9,2,-79.89514952,40.45998957
2817892,16047897,3,2016-03-17T05:16:00,"2900 Block Middletown RD Pittsburgh, PA 15205",Y,Windgap,6,ROBBERY/CARJACK/OTHER,2705 Recklessy Endangering Another Person. / 3921(a) Theft by Unlawful Taking or Disposition - Movable item,2807,2,5,-80.06284317,40.44878767
2822073,16052395,3,2016-03-23T23:43:00,"7100 Block Campania AV Pittsburgh, PA 15206",N,Lincoln-Lemington-Belmar,5,ROBBERY/CARJACK/GUN,3702 Robbery of Motor Vehicle.,1201,9,2,-79.89212141,40.47252547
2823949,16062247,3,2016-04-07T04:52:00,"5800 Block Murray AV Pittsburgh, PA ",Y,Squirrel Hill South,4,ROBBERY/CARJACK/GUN,2702 Aggravated Assault. / 3701 Robbery. / 3702 Robbery of Motor Vehicle.,1414,5,3,-79.92827516,40.41971935
2827062,16078889,3,2016-04-30T20:33:00,"3400 Block Allendale ST Pittsburgh, PA 15204",N,Sheraden,6,ROBBERY/CARJACK/GUN,3701 Robbery. / 3702 Robbery of Motor Vehicle. / 3745 Accidents Involving Damage to Unattended Veh.or Prop.,2022,2,5,-80.06340429,40.45785394
2828958,16080207,3,2016-05-02T18:29:00,"3700 Block Allendale CIR Pittsburgh, PA 15204",Y,Sheraden,6,ROBBERY/CARJACK/GUN,903 Criminal Conspiracy. / 2705 Recklessy Endangering Another Person. / 3701 Robbery. / 3702 Robbery of Motor Vehicle. / 2701(a)(3) Simple Assault - Attempts by Physical Menace ,2022,2,5,-80.06332145,40.4601339
2830248,16087714,3,2016-05-13T14:20:00,"1900 Block Spring Garden AV Pittsburgh, PA 15212",Y,Spring Garden,1,ROBBERY/CARJACK/GUN,3702 Robbery of Motor Vehicle.,2412,1,1,-79.98562477,40.46877916
2830987,16090731,3,2016-05-18T00:20:00,"Brushton AV & Bennett ST Pittsburgh, PA 15221",N,Homewood South,5,ROBBERY/CARJACK/GUN,2701 Simple Assault. / 3701 Robbery. / 3702 Robbery of Motor Vehicle.,1304,9,2,-79.88845816,40.45459781
2832626,16092891,3,2016-05-21T01:16:00,"S 13th ST & Sarah ST Pittsburgh, PA 15203",Y,South Side Flats,3,ROBBERY/CARJACK/OTHER,"3702 Robbery of Motor Vehicle. / 2701(a)(1) Simple Assault - Intent., Know., Reckless.Cause Bod. Injury",1702,3,4,-79.98529012,40.42765878
2839076,16112275,3,2016-06-17T18:10:00,"400 Block Edgemont ST Pittsburgh, PA 15211",Y,Mount Washington,3,ROBBERY/CARJACK/STRONGARM,"3702 Robbery of Motor Vehicle. / 5104 Resisting Arrest or Other Law Enforcement. / 6105(a)(1) Persons not to possess, use, manufacture, control, sell or transfer firearms: Former Convict enumerated in subsection (b) / 6106 Firearms not to be Carried without a License. / 1543 Driving While Operating Privilege is Suspended or Revoked. / 3733 Fleeing or Attempting to Elude Police Officer",1807,3,4,-80.00059026,40.42224863
2840055,16116048,3,2016-06-22T23:36:00,"3000 Block Merwyn AV Pittsburgh, PA 15204",N,Sheraden,6,ROBBERY/CARJACK/GUN,3701 Robbery. / 3702 Robbery of Motor Vehicle.,2018,2,5,-80.05185635,40.45726758
2842525,16123848,3,2016-07-03T23:36:00,"2100 Block Eccles ST Pittsburgh, PA 15210",N,South Side Slopes,3,ROBBERY/CARJACK/GUN,2705 Recklessy Endangering Another Person. / 3702 Robbery of Motor Vehicle. / 3921 Theft by Unlawful Taking or Disposition. / 2701(a)(3) Simple Assault - Attempts by Physical Menace ,1608,3,4,-79.97713293,40.41841059
2846675,16126889,3,2016-07-08T16:10:00,"60 Block Bracey CT Pittsburgh, PA 15206",N,East Hills,5,ROBBERY/CARJACK/STRONGARM,3701 Robbery. / 3702 Robbery of Motor Vehicle.,1306,3,4,-80.00605989,40.41868761
2845620,16127246,3,2016-07-09T00:15:00,"2000 Block E Carson ST Pittsburgh, PA 15203",Y,South Side Flats,3,ROBBERY/CARJACK/STRONGARM,2702 Aggravated Assault. / 3701 Robbery. / 3702 Robbery of Motor Vehicle.,1702,3,4,-79.97750748,40.42831022
2848856,16127896,3,2016-07-10T02:30:00,"1100 Block Sheffield ST Pittsburgh, PA 15233",N,Manchester,1,ROBBERY/CARJACK/GUN,3701 Robbery. / 3702 Robbery of Motor Vehicle.,2107,6,1,-80.02126185,40.45420401
2843506,16128974,3,2016-07-11T22:05:00,"1900 Block Arlington AV Pittsburgh, PA 15210",N,Arlington,3,ROBBERY/CARJACK/STRONGARM,2702 Aggravated Assault. / 3702 Robbery of Motor Vehicle.,1603,3,4,-79.9805088,40.41750412
2845036,16132776,3,2016-07-17T01:00:00,"7200 Block Hamilton AV Pittsburgh, PA 15208",N,Homewood South,5,ROBBERY/CARJACK/GUN,3701 Robbery. / 3702 Robbery of Motor Vehicle.,1303,9,2,-79.89753117,40.45457233
2846015,16134229,3,2016-07-19T20:11:00,"Dove WY & Knox AV Pittsburgh, PA 15210",Y,Knoxville,3,ROBBERY/CARJACK/STRONGARM,2705 Recklessy Endangering Another Person. / 3702 Robbery of Motor Vehicle. / 3925 Receiving Stolen Property. / 5104 Resisting Arrest or Other Law Enforcement. / 3334 Turning Movements and Required Signals. / 3733 Fleeing or Attempting to Elude Police Officer / 3736 Reckless Driving / 3921(a) Theft by Unlawful Taking or Disposition - Movable item,3001,3,4,-79.99053365,40.4147346
2846624,16137293,3,2016-07-24T02:00:00,"1500 Block E Carson ST Pittsburgh, PA 15203",N,South Side Flats,3,ROBBERY/CARJACK/STRONGARM,3701 Robbery. / 3702 Robbery of Motor Vehicle.,1702,3,4,-79.98330671,40.42868483
2849241,16144176,3,2016-08-03T16:21:00,"Berlin WY & Oasis WY Pittsburgh, PA 15201",N,Upper Lawrenceville,2,ROBBERY/CARJACK/GUN,3702 Robbery of Motor Vehicle.,1011,7,2,-79.95588427,40.47896926
2851539,16144782,3,2016-08-04T13:20:00,"2100 Block Park Hill DR Pittsburgh, PA 15221",N,East Hills,5,ROBBERY/CARJACK/STRONGARM,3702 Robbery of Motor Vehicle.,1306,9,2,-79.8740214,40.45295266
2851624,16150152,3,2016-08-11T22:24:00,"3000 Block Arlington AV Pittsburgh, PA 15210",N,Arlington Heights,3,ROBBERY/CARJACK/GUN,3702 Robbery of Motor Vehicle.,1604,3,4,-79.9656533,40.41728634
2851147,16150985,3,2016-08-13T02:39:00,"Crawford ST & Wylie AV Pittsburgh, PA 15219",N,Golden Triangle/Civic Arena,2,ROBBERY/CARJACK/GUN,3701 Robbery. / 3702 Robbery of Motor Vehicle.,201,6,6,-79.98721532,40.44269983
2852047,16154662,3,2016-08-18T13:30:00,"2nd AV & Glen Caladh ST Pittsburgh, PA 15207",Y,Hazelwood,4,ROBBERY/CARJACK/GUN,2705 Recklessy Endangering Another Person. / 3702 Robbery of Motor Vehicle.,1515,5,3,-79.94384519,40.40915052
2852324,16155062,3,2016-08-18T23:15:00,"Morgan ST & Webster AV Pittsburgh, PA 15219",Y,Middle Hill,2,ROBBERY/CARJACK/GUN,3701 Robbery.,501,6,3,-79.96892064,40.45114941
2852507,16155169,3,2016-08-19T03:12:00,"6400 Block Frankstown AV Pittsburgh, PA 15206",Y,Larimer,5,ROBBERY/CARJACK/STRONGARM,3702 Robbery of Motor Vehicle.,1208,9,2,-79.915653,40.46077054
2852678,16155553,3,2016-08-19T16:58:00,"Tipton ST & Teton WY Pittsburgh, PA 15207",Y,Hazelwood,4,ROBBERY/CARJACK/GUN,3702 Robbery of Motor Vehicle.,1515,5,3,-79.94298897,40.40794967
2853442,16158630,3,2016-08-24T01:40:00,"600 Block S 10th ST Pittsburgh, PA 15203",Y,South Side Flats,3,ROBBERY/CARJACK/GUN,3701 Robbery. / 3702 Robbery of Motor Vehicle. / 2701(a)(3) Simple Assault - Attempts by Physical Menace ,1702,3,4,-79.98852842,40.4265902
2853803,16161707,3,2016-08-28T05:15:00,"300 Block Mt Pleasant RD Pittsburgh, PA ",Y,Northview Heights,1,ROBBERY/CARJACK/GUN,3701 Robbery.,2609,1,1,-80.00304348,40.48235135
2855179,16164279,3,2016-08-31T21:18:00,"2500 Block N Charles ST Pittsburgh, PA 15214",Y,Perry South,1,ROBBERY/CARJACK/GUN,"903 Criminal Conspiracy. / 3702 Robbery of Motor Vehicle. / 4910 Tampering with or Fabricating Physical Evidence. / 5104 Resisting Arrest or Other Law Enforcement. / 6110.1 Possesion of Firearm by Minor / 2701(a)(3) Simple Assault - Attempts by Physical Menace  / 6105(c)(9) Persons Not To Possess Use Manuf, Control Firearm",2614,6,1,-80.01885858,40.46692217
2856698,16164984,3,2016-09-01T21:11:00,"500 Block Bigelow ST Pittsburgh, PA 15207",Y,Hazelwood,4,ROBBERY/CARJACK/STRONGARM,2701 Simple Assault. / 3702 Robbery of Motor Vehicle. / 1543 Driving While Operating Privilege is Suspended or Revoked.,1501,5,3,-79.93967131,40.41876071
2856743,16165053,3,2016-09-01T23:05:00,"6800 Block Simonton ST Pittsburgh, PA 15208",N,Point Breeze North,4,ROBBERY/CARJACK/GUN,3701 Robbery. / 3702 Robbery of Motor Vehicle.,1405,9,2,-79.90767086,40.45535912
2859083,16173208,3,2016-07-18T23:30:00,"500 Block N Highland AV Pittsburgh, PA 15206",N,East Liberty,5,ROBBERY/CARJACK/OTHER,3702 Robbery of Motor Vehicle.,1113,8,2,-79.92496117,40.45301084
2864050,16190139,3,2016-10-08T00:40:00,"7200 Block Felicia WY Pittsburgh, PA 15208",N,Homewood South,5,ROBBERY/CARJACK/GUN,3702 Robbery of Motor Vehicle.,1303,9,2,-79.89647981,40.45688486
2865676,16193134,3,2016-10-12T17:25:00,"800 Block Middle ST Pittsburgh, PA 15212",N,East Allegheny,1,ROBBERY/CARJACK/GUN,3702 Robbery of Motor Vehicle. / 3743 Accidents Involving Damage to Attended Veh. or Property,2304,1,1,-79.99932356,40.45459396
2866920,16198403,3,2016-10-20T18:27:00,"600 Block Smithfield ST Pittsburgh, PA 15219",N,Central Business District,2,ROBBERY/CARJACK/STRONGARM,2701 Simple Assault. / 3702 Robbery of Motor Vehicle.,201,6,6,-79.99740551,40.44152525
2867090,16196319,3,2016-10-17T16:07:00,"1900 Block Spring Garden AV Pittsburgh, PA 15212",N,Spring Garden,1,ROBBERY/CARJACK/GUN,2702 Aggravated Assault. / 3702 Robbery of Motor Vehicle.,2412,1,1,-79.98562477,40.46877916
2868911,16204778,3,2016-10-30T11:20:00,"300 Block Cedar AV Pittsburgh, PA 15212",Y,East Allegheny,1,ROBBERY/CARJACK/GUN,"3701 Robbery. / 3921 Theft by Unlawful Taking or Disposition. / 2701(a)(1) Simple Assault - Intent., Know., Reckless.Cause Bod. Injury",2304,1,1,-80.00084389,40.45089272
2869020,16204574,3,2016-10-30T04:20:00,"900 Block Woodlow ST Pittsburgh, PA 15205",N,Strip District,6,ROBBERY/CARJACK/GUN,2705 Recklessy Endangering Another Person. / 3702 Robbery of Motor Vehicle. / 3921(a) Theft by Unlawful Taking or Disposition - Movable item,203,2,5,-80.05220414,40.44589982
2871150,16209578,3,2016-11-06T14:55:00,"4800 Block Rosetta ST Pittsburgh, PA 15224",N,Garfield,5,ROBBERY/CARJACK/GUN,3702 Robbery of Motor Vehicle.,1017,9,2,-79.94544835,40.46838498
2871630,16207779,3,2016-11-03T21:55:00,"2400 Block Bracey DR Pittsburgh, PA 15221",N,East Hills,5,ROBBERY/CARJACK/STRONGARM,3702 Robbery of Motor Vehicle.,1306,9,2,-79.86793553,40.45553846
2871749,16210999,3,2016-11-08T20:31:00,"Hawthorne ST & Farmington ST Pittsburgh, PA 15201",Y,Stanton Heights,5,ROBBERY/CARJACK/GUN,903 Criminal Conspiracy. / 907 Possessing Instruments of Crime. / 3702 Robbery of Motor Vehicle. / 13(a)(16) Possession of Controlled Substance / 13(a)(30) Possession w/ Intent to Del. Controlled Substance,1018,7,2,-79.93455783,40.4848953
2871788,16211038,3,2016-11-08T21:55:00,"Meyran AV & Forbes AV Pittsburgh, PA 15213",N,Central Oakland,4,ROBBERY/CARJACK/GUN,2705 Recklessy Endangering Another Person. / 3702 Robbery of Motor Vehicle.,405,3,3,-79.95831694,40.44057902
2077810,5000973,3,2005-01-02T17:15:00,"600 Block SHERWOOD AV PITTSBURGH, PA ",Y,Allentown,3,ROBBERY/CARJACK/GUN,3701 Robbery. / 3702 Robbery of Motor Vehicle.,2004,2,5,-80.05372758,40.45539486
2082293,5009706,3,2005-01-19T02:00:00,"800 Block HILLSBORO AV PITTSBURGH, PA ",N,Summer Hill,3,ROBBERY/CARJACK/STRONGARM,3702 Robbery of Motor Vehicle.,2004,2,5,-80.05568656,40.45310201
2087486,5033410,3,2005-03-04T23:25:00,"500 Block S BRADDOCK AV PITTSBURGH, PA ",N,Point Breeze,4,ROBBERY/CARJACK/GUN,901 Criminal Attempt / 3702 Robbery of Motor Vehicle.,1406,9,3,-79.8974287,40.4421885
2086496,5011581,3,2005-01-22T22:00:00,"5100 Block BUTLER ST PITTSBURGH, PA ",N,Homewood North,2,ROBBERY/CARJACK/STRONGARM,2901 Kidnapping. / 3702 Robbery of Motor Vehicle.,1001,7,2,-79.95543548,40.47836399
2092788,5056156,3,2005-04-08T01:25:00,Zone 1,Y,,1,ROBBERY/CARJACK/GUN,2902 Unlawful Restraint. / 3127 Indecent Exposure. / 3701 Robbery. / 3702 Robbery of Motor Vehicle. / 3921 Theft by Unlawful Taking or Disposition.,,,,,
2113933,5142403,3,2005-07-26T23:05:00,"300 Block MT PLEASANT RD PITTSBURGH, PA ",N,Northview Heights,1,ROBBERY/CARJACK/GUN,903 Criminal Conspiracy. / 2702 Aggravated Assault. / 2705 Recklessy Endangering Another Person. / 3702 Robbery of Motor Vehicle.,2609,1,1,-80.00304348,40.48235135
2096059,5068702,3,2005-04-25T10:10:00,"CHURCHLAND ST & WILSIE ST PITTSBURGH, PA ",N,Lincoln-Lemington-Belmar,5,ROBBERY/CARJACK/GUN,2701 Simple Assault. / 3702 Robbery of Motor Vehicle.,1201,,,0,0
2139005,5245058,3,2005-12-14T19:25:00,"2400 Block ALLEQUIPPA ST PITTSBURGH, PA ",Y,West Oakland,2,ROBBERY/CARJACK/GUN,3702 Robbery of Motor Vehicle. / 3934 Theft from Vehicle,402,6,3,-79.96874989,40.44046415
2141092,5253090,3,2005-12-28T22:25:00,"4100 Block DELEVAN ST PITTSBURGH, PA ",N,Bloomfield,4,ROBBERY/CARJACK/STRONGARM,3921 Theft by Unlawful Taking or Disposition.,1507,5,3,-79.93255096,40.42238987
2138288,5241077,3,2005-12-08T04:17:00,"FIFTH AV & SMITHFIELD ST PITTSBURGH, PA ",N,Golden Triangle/Civic Arena,2,ROBBERY/CARJACK/STRONGARM,3702 Robbery of Motor Vehicle.,201,6,6,-79.99864594,40.44008562
2135876,5232562,3,2005-11-23T23:30:00,"1300 Block N MURTLAND AV PITTSBURGH, PA ",N,Homewood North,5,ROBBERY/CARJACK/STRONGARM,3702 Robbery of Motor Vehicle.,1301,9,2,-79.89957128,40.46199095
2124844,5190857,3,2005-09-26T16:45:00,"MARSHALL RD & BRIGHTON RD PITTSBURGH, PA ",N,Carrick,1,ROBBERY/CARJACK/STRONGARM,3702 Robbery of Motor Vehicle.,2603,6,1,-80.02501306,40.46688713
2129177,5214774,3,2005-10-29T17:50:00,"LOMBARD AV & COWELL ST PITTSBURGH, PA ",Y,North Oakland,2,ROBBERY/CARJACK/STRONGARM,903 Criminal Conspiracy. / 3701 Robbery. / 3702 Robbery of Motor Vehicle.,304,,,0,0
2122848,5183753,3,2005-09-17T02:10:00,"1500 Block CRUCIBLE ST PITTSBURGH, PA ",N,Golden Triangle/Civic Arena,3,ROBBERY/CARJACK/GUN,3702 Robbery of Motor Vehicle.,2008,2,5,-80.05111326,40.44716839
2080339,5009126,3,2005-01-17T21:18:00,"200 Block S MATHILDA AV PITTSBURGH, PA 15224",Y,Bloomfield,5,ROBBERY/CARJACK/STRONGARM,3702 Robbery of Motor Vehicle. / 3733 Fleeing or Attempting to Elude Police Officer,809,7,2,-79.94679158,40.46502427
2875745,16223657,3,2016-11-29T19:21:00,"6800 Block Thomas BL Pittsburgh, PA 15208",Y,Point Breeze North,4,ROBBERY/CARJACK/GUN,"2702 Aggravated Assault. / 2705 Recklessy Endangering Another Person. / 2901 Kidnapping. / 2902 Unlawful Restraint. / 3701 Robbery. / 6105(a)(1) Persons not to possess, use, manufacture, control, sell or transfer firearms: Former Convict enumerated in subsection (b) / 6106 Firearms not to be Carried without a License. / 13(a)(31) Marijuana: Possession Small Amount / 2701(a)(3) Simple Assault - Attempts by Physical Menace ",1405,9,2,-79.90902003,40.45372378
2877407,16224646,3,2016-12-01T11:00:00,"1300 Block Federal ST Pittsburgh, PA 15212",N,Central North Side,1,ROBBERY/CARJACK/STRONGARM,2701 Simple Assault. / 3921(a) Theft by Unlawful Taking or Disposition - Movable item,2206,1,1,-80.00687314,40.45673145
2878911,16228517,3,2016-12-07T14:46:00,"5400 Block Hays ST Pittsburgh, PA 15206",N,East Liberty,5,ROBBERY/CARJACK/GUN,3702 Robbery of Motor Vehicle.,1113,9,2,-79.93025969,40.47082061
2881826,16240409,3,2016-12-28T00:50:00,"1600 Block Arlington AV Pittsburgh, PA 15210",N,South Side Slopes,3,ROBBERY/CARJACK/GUN,3702 Robbery of Motor Vehicle.,1706,,,-79.98819735,40.41845183
2882249,16239316,3,2016-12-25T20:30:00,"Lincoln AV & Apple AV Pittsburgh, PA 15208",N,Lincoln-Lemington-Belmar,5,ROBBERY/CARJACK/STRONGARM,2702 Aggravated Assault. / 3701 Robbery. / 3702 Robbery of Motor Vehicle.,1203,9,2,-79.8989757,40.46466792
2884331,17002035,3,2017-01-04T10:30:00,"200 Block Flowers AV Pittsburgh, PA 15207",Y,Hazelwood,4,ROBBERY/CARJACK/STRONGARM,2701 Simple Assault. / 2705 Recklessy Endangering Another Person. / 3702 Robbery of Motor Vehicle. / 4304(a)(1) Endangering Welfare of Children.,1515,5,3,-79.94224835,40.41039025
2885684,17006647,3,2017-01-11T22:27:00,"400 Block Greentree RD Pittsburgh, PA 15220",Y,West End,6,ROBBERY/CARJACK/STRONGARM,9999 Miscellaneous Report (No Crime),2019,2,5,-80.03395994,40.43584367
2888364,17014799,3,2017-01-24T20:22:00,"Gertrude ST & E Elizabeth ST Pittsburgh, PA 15207",N,Hazelwood,4,ROBBERY/CARJACK/GUN,3701 Robbery. / 3702 Robbery of Motor Vehicle.,1515,5,3,-79.94161511,40.40737235
2888748,17016194,3,2017-01-26T22:20:00,"N Craig ST & Truro PL Pittsburgh, PA 15213",N,North Oakland,4,ROBBERY/CARJACK/GUN,903 Criminal Conspiracy. / 3702 Robbery of Motor Vehicle.,507,6,3,-79.95234744,40.45240273
2888772,17016485,3,2017-01-27T11:30:00,"7200 Block Kelly ST Pittsburgh, PA 15208",N,Homewood South,5,ROBBERY/CARJACK/GUN,3702 Robbery of Motor Vehicle.,1303,9,2,-79.8970281,40.45547009
2896628,17020598,3,2017-02-02T21:14:00,"Rose ST & Grove ST Pittsburgh, PA 15219",Y,Middle Hill,2,ROBBERY/CARJACK/GUN,3701 Robbery. / 3702 Robbery of Motor Vehicle. / 3925 Receiving Stolen Property. / 5121 Escape. / 3323 Stop Signs and Yield Signs. / 13(a)(16) Possession of Controlled Substance / 13(a)(16) Possession of Controlled Substance / 13(a)(30) Possession w/ Intent to Del. Controlled Substance / 9125 Possible  Stolen Car Recovered / 3733 Fleeing or Attempting to Elude Police Officer / 3736 Reckless Driving,501,6,3,-79.97888051,40.44304005
2901246,17050353,3,2017-03-21T00:42:00,"Miltenberger ST & Forbes AV Pittsburgh, PA 15219",N,Bluff,2,ROBBERY/CARJACK/GUN,3701 Robbery.,103,6,3,-79.98143135,40.43749976
2903225,17055552,3,2017-03-28T01:45:00,"4000 Block Perrysville AV Pittsburgh, PA 15214",N,Perry North,1,ROBBERY/CARJACK/GUN,2701 Simple Assault. / 3701 Robbery.,2602,1,1,-80.01986977,40.49117108
2904218,17058786,3,2017-04-01T23:10:00,"E Jefferson ST & Federal ST Pittsburgh, PA 15212",Y,Central North Side,1,ROBBERY/CARJACK/STRONGARM,"3702 Robbery of Motor Vehicle. / 1543 Driving While Operating Privilege is Suspended or Revoked. / 2701(a)(1) Simple Assault - Intent., Know., Reckless.Cause Bod. Injury",2503,6,1,-80.0084492,40.45949391
2905156,17063211,3,2017-04-08T15:00:00,"7700 Block Monticello ST Pittsburgh, PA 15221",N,Homewood North,5,ROBBERY/CARJACK/GUN,3701 Robbery.,1301,9,2,-79.88762651,40.45804566
2907337,17066076,3,2017-04-12T21:14:00,"6700 Block Frankstown AV Pittsburgh, PA 15208",Y,Homewood West,5,ROBBERY/CARJACK/GUN,903 Criminal Conspiracy. / 2701 Simple Assault. / 2705 Recklessy Endangering Another Person. / 3702 Robbery of Motor Vehicle. / 6106 Firearms not to be Carried without a License. / 6110.1 Possesion of Firearm by Minor,1207,9,2,-79.90800266,40.45860843
2907766,17068611,3,2017-04-16T15:15:00,"Milwaukee ST & Bryn Mawr RD Pittsburgh, PA 15219",N,Upper Hill,2,ROBBERY/CARJACK/GUN,2702 Aggravated Assault. / 3702 Robbery of Motor Vehicle. / 3921 Theft by Unlawful Taking or Disposition.,506,6,3,-79.96289039,40.45326538
2908140,17070599,3,2017-04-19T17:00:00,"Reed ST & Kirkpatrick ST Pittsburgh, PA 15219",N,Middle Hill,2,ROBBERY/CARJACK/KNIFE,3701 Robbery. / 3921(a) Theft by Unlawful Taking or Disposition - Movable item,501,6,3,-79.97505296,40.44366711
2911289,17080800,3,2017-05-04T00:01:00,"400 Block Miller ST Pittsburgh, PA 15219",N,Crawford-Roberts,2,ROBBERY/CARJACK/STRONGARM,3702 Robbery of Motor Vehicle.,305,6,3,-79.98339654,40.44111526
2911828,17082107,3,2017-05-05T18:40:00,"1100 Block Brushton AV Pittsburgh, PA 15221",N,Homewood North,5,ROBBERY/CARJACK/GUN,903 Criminal Conspiracy. / 3702 Robbery of Motor Vehicle.,1301,9,2,-79.88831346,40.45794155
2913317,17085430,3,2017-05-10T20:40:00,"3700 Block Charlotte ST Pittsburgh, PA 15201",N,Lower Lawrenceville,2,ROBBERY/CARJACK/GUN,3702 Robbery of Motor Vehicle.,603,7,2,-79.96547798,40.46659297
2914045,17088343,3,2017-05-15T09:32:00,"6200 Block Broad ST Pittsburgh, PA 15206",Y,East Liberty,5,ROBBERY/CARJACK/STRONGARM,901 Criminal Attempt / 3702 Robbery of Motor Vehicle.,1115,9,2,-79.92207123,40.46160016
2914106,17088452,3,2017-05-15T13:01:00,"Columbo ST & Schenley AV Pittsburgh, PA 15224",N,Garfield,5,ROBBERY/CARJACK/STRONGARM,2701 Simple Assault. / 3701 Robbery.,1016,9,2,-79.94021808,40.47166457
2916804,17098092,3,2017-05-29T14:30:00,"N Braddock AV & Penn AV Pittsburgh, PA 15221",N,Point Breeze North,4,ROBBERY/CARJACK/KNIFE,907 Possessing Instruments of Crime. / 3702 Robbery of Motor Vehicle.,1405,9,3,-79.8951617,40.44713269
2917745,17098779,3,2017-05-29T14:30:00,"N Braddock AV & Penn AV Pittsburgh, PA 15221",N,Point Breeze North,4,ROBBERY/CARJACK/KNIFE,907 Possessing Instruments of Crime. / 3702 Robbery of Motor Vehicle.,1405,9,3,-79.8951617,40.44713269
2920154,17108664,3,2017-06-13T06:03:00,"1300 Block Juniata ST Pittsburgh, PA 15233",N,Manchester,1,ROBBERY/CARJACK/GUN,3701 Robbery.,2107,6,1,-80.02572776,40.45709378
2922126,17107841,3,2017-06-12T00:26:00,"2100 Block Perrysville AV Pittsburgh, PA 15214",N,Perry South,1,ROBBERY/CARJACK/STRONGARM,3702 Robbery of Motor Vehicle.,2614,6,1,-80.01223966,40.46362898
2922711,17116242,3,2017-06-23T16:20:00,"1200 Block Nolan CT Pittsburgh, PA 15221",N,Homewood North,5,ROBBERY/CARJACK/GUN,3702 Robbery of Motor Vehicle.,1301,9,2,-79.88689291,40.45943104
2928583,17134655,3,2017-07-18T22:42:00,"7500 Block Penn AV Pittsburgh, PA 15221",N,Point Breeze North,4,ROBBERY/CARJACK/STRONGARM,3702 Robbery of Motor Vehicle.,1405,9,3,-79.8965735,40.44728633
2929829,17140583,3,2017-07-26T01:05:00,"Crane AV & Banksville RD Pittsburgh, PA 15216",N,Beechview,6,ROBBERY/CARJACK/STRONGARM,3702 Robbery of Motor Vehicle.,1916,2,5,-80.02999619,40.41590174
2929874,17136269,3,2017-07-21T01:40:00,"Suismon ST & Turtle WY Pittsburgh, PA 15212",N,East Allegheny,1,ROBBERY/CARJACK/STRONGARM,2702 Aggravated Assault. / 3702 Robbery of Motor Vehicle.,2304,1,1,-79.99688618,40.45584895
2930682,17137473,3,2017-07-22T18:57:00,"Woodland AV & Shadeland AV Pittsburgh, PA 15212",N,Marshall-Shadeland,1,ROBBERY/CARJACK/GUN,2705 Recklessy Endangering Another Person. / 3701 Robbery.,2715,1,1,-80.03009625,40.46907706
2936503,17155420,3,2017-08-16T18:30:00,"7300 Block Fletcher WY Pittsburgh, PA 15208",N,Homewood North,5,ROBBERY/CARJACK/GUN,3702 Robbery of Motor Vehicle.,1302,9,2,-79.89313131,40.45930443
2936506,17155546,3,2017-08-16T21:15:00,"Hamlin ST & Bidwell ST Pittsburgh, PA 15233",N,Manchester,1,ROBBERY/CARJACK/GUN,2702 Aggravated Assault. / 2705 Recklessy Endangering Another Person. / 3701 Robbery. / 3702 Robbery of Motor Vehicle.,2107,6,1,-80.02084135,40.45358635
2937155,17163834,3,2017-08-27T20:31:00,"Stayton ST & Rancheria ST Pittsburgh, PA 15212",N,Marshall-Shadeland,1,ROBBERY/CARJACK/GUN,3702 Robbery of Motor Vehicle.,2715,1,1,-80.02813391,40.47197285
2938233,17166186,3,2017-08-31T00:31:00,"Sandusky ST & Hemlock ST Pittsburgh, PA 15212",N,Central North Side,1,ROBBERY/CARJACK/STRONGARM,3702 Robbery of Motor Vehicle.,2206,1,1,-80.00512434,40.45767859
2938503,17163972,3,2017-08-28T03:15:00,"California AV & Bonaventure WY Pittsburgh, PA 15212",N,Brighton Heights,1,ROBBERY/CARJACK/GUN,3702 Robbery of Motor Vehicle.,2701,1,1,-80.04071955,40.48391322
2081449,5012779,3,2005-01-25T15:40:00,"7000 Block FRANKSTOWN AV PITTSBURGH, PA ",N,Homewood South,5,ROBBERY/CARJACK/KNIFE,3702 Robbery of Motor Vehicle.,1303,9,2,-79.90105959,40.45841904
2077756,5000919,3,2005-01-02T15:50:00,"PENN AV & 21ST ST PITTSBURGH, PA ",Y,Central Oakland,2,ROBBERY/CARJACK/GUN,3702 Robbery of Motor Vehicle.,202,7,6,-79.98311555,40.45168468
2949855,17198919,3,2017-10-14T20:19:00,"400 Block S Braddock AV Pittsburgh, PA 15221",N,Point Breeze,4,ROBBERY/CARJACK/GUN,2702 Aggravated Assault. / 3702 Robbery of Motor Vehicle. / 3736 Reckless Driving / 3745 Accidents Involving Damage to Unattended Veh.or Prop.,1406,9,3,-79.89727816,40.44399612
2950093,17194830,3,2017-09-14T12:00:00,"2500 Block Bedford AV Pittsburgh, PA 15219",N,Bedford Dwellings,2,ROBBERY/CARJACK/GUN,3921 Theft by Unlawful Taking or Disposition.,509,6,3,-79.97278341,40.45052409
2950512,17200021,3,2017-10-15T22:30:00,"500 Block N Braddock AV Pittsburgh, PA 15221",N,Homewood South,5,ROBBERY/CARJACK/GUN,3702 Robbery of Motor Vehicle.,1304,9,3,-79.8974287,40.4421885
2952030,17202560,3,2017-10-19T23:10:00,"100 Block S 17th ST Pittsburgh, PA 15203",N,South Side Flats,3,ROBBERY/CARJACK/GUN,3701 Robbery.,1702,3,4,-79.98215432,40.42852531
2952127,17184335,3,2017-09-25T00:30:00,"200 Block East Ohio ST Pittsburgh, PA 15212",N,Allegheny Center,1,ROBBERY/CARJACK/GUN,3701 Robbery. / 3702 Robbery of Motor Vehicle.,2204,1,1,-80.00366043,40.45302239
2954032,17181875,3,2017-09-21T18:25:00,"1200 Block Hamlin ST Pittsburgh, PA 15233",N,Manchester,1,ROBBERY/CARJACK/GUN,3701 Robbery.,2107,6,1,-80.02250238,40.4533372
2956201,17212618,3,2017-11-03T03:42:00,"Brushton AV & Tioga ST Pittsburgh, PA 15221",N,Homewood South,5,ROBBERY/CARJACK/STRONGARM,3743 Accidents Involving Damage to Attended Veh. or Property / 3921(a) Theft by Unlawful Taking or Disposition - Movable item,1304,9,2,-79.89004057,40.45125366
2963588,17239801,3,2017-12-13T14:42:00,"2700 Block Merwyn ST Pittsburgh, PA 15204",N,Sheraden,6,ROBBERY/CARJACK/STRONGARM,3702 Robbery of Motor Vehicle.,2018,2,5,-80.04871352,40.45373936
2963901,17242264,3,2017-12-17T03:22:00,"7700 Block Penn AV Pittsburgh, PA 15221",Y,Point Breeze North,4,ROBBERY/CARJACK/OTHER,2702 Aggravated Assault. / 2705 Recklessy Endangering Another Person. / 3702 Robbery of Motor Vehicle. / 4914(A) False Identification to Law Enforcement,1405,9,3,-79.89361993,40.44608961
2968891,18004774,3,2018-01-08T19:50:00,"400 Block Jonathan CT Pittsburgh, PA 15208",Y,Point Breeze North,4,ROBBERY/CARJACK/STRONGARM,2705 Recklessy Endangering Another Person. / 3702 Robbery of Motor Vehicle. / 3921 Theft by Unlawful Taking or Disposition.,1405,9,2,-79.89994325,40.45248338
2971698,18012242,3,2018-01-20T01:30:00,"3300 Block Brighton RD Pittsburgh, PA 15212",N,Brighton Heights,1,ROBBERY/CARJACK/STRONGARM,3702 Robbery of Motor Vehicle.,2708,1,1,-80.03152303,40.47662892
2984066,18052698,3,2018-03-21T19:07:00,"1400 Block Jeffers ST Pittsburgh, PA 15204",Y,Sheraden,6,ROBBERY/CARJACK/STRONGARM,3702 Robbery of Motor Vehicle.,2022,2,5,-80.06604849,40.45209345
2991129,18071443,3,2018-04-18T00:34:00,"40 Block Auburn ST Pittsburgh, PA 15206",Y,Larimer,5,ROBBERY/CARJACK/GUN,3701 Robbery. / 3702 Robbery of Motor Vehicle. / 3925 Receiving Stolen Property. / 4910 Tampering with or Fabricating Physical Evidence. / 6106 Firearms not to be Carried without a License. / 1501 Drivers Required to be Licensed. / 3745 Accidents Involving Damage to Unattended Veh.or Prop.,1208,9,2,-79.91678996,40.463793
2993083,18079388,3,2018-04-29T13:00:00,"3000 Block Brunot AV Pittsburgh, PA 15204",Y,Sheraden,6,ROBBERY/CARJACK/STRONGARM,2705 Recklessy Endangering Another Person. / 3701 Robbery. / 3921 Theft by Unlawful Taking or Disposition. / 3742 Accidents Involving Death or Personal Injury,2018,2,5,-80.0505151,40.4591111
2994183,18060930,3,2018-04-02T21:52:00,"200 Block Wick ST Pittsburgh, PA 15219",N,Crawford-Roberts,2,ROBBERY/CARJACK/GUN,3702 Robbery of Motor Vehicle. / 3921(a) Theft by Unlawful Taking or Disposition - Movable item,305,6,3,-79.97967672,40.4394249
2995927,18087069,3,2018-05-10T07:11:00,"700 Block Casino DR Pittsburgh, PA 15212",N,Chateau,1,ROBBERY/CARJACK/STRONGARM,3702 Robbery of Motor Vehicle.,2108,6,6,-80.02075781,40.44686778
3002120,18104925,3,2018-06-03T01:45:00,"Sterrett ST & Kelly ST Pittsburgh, PA 15208",Y,Homewood South,5,ROBBERY/CARJACK/GUN,3702 Robbery of Motor Vehicle.,1303,9,2,-79.8948684,40.45505065
3006329,18121419,3,2018-06-25T18:55:00,"600 Block East Ohio ST Pittsburgh, PA 15212",N,Bluff,1,ROBBERY/CARJACK/STRONGARM,903 Criminal Conspiracy. / 2701 Simple Assault. / 3702 Robbery of Motor Vehicle.,103,1,1,-79.99897808,40.45397779
3010926,18132455,3,2018-07-12T16:08:00,"3200 Block Lecky AV Pittsburgh, PA 15212",N,Marshall-Shadeland,1,ROBBERY/CARJACK/STRONGARM,2701 Simple Assault. / 3701 Robbery.,2715,1,1,-80.0344226,40.47444481
3013444,18140804,3,2018-07-23T20:10:00,"400 Block N Highland AV Pittsburgh, PA 15206",N,East Liberty,5,ROBBERY/CARJACK/GUN,903 Criminal Conspiracy. / 3702 Robbery of Motor Vehicle.,1115,9,2,-79.92217494,40.46516578
3013624,18141779,3,2018-07-25T05:30:00,"100 Block Rhine PL Pittsburgh, PA 15212",N,Spring Hill-City View,1,ROBBERY/CARJACK/GUN,3701 Robbery. / 3702 Robbery of Motor Vehicle.,2620,1,1,-79.99204185,40.46535964
3013953,18121419,3,2018-06-25T18:55:00,"600 Block East Ohio ST Pittsburgh, PA 15212",N,East Allegheny,1,ROBBERY/CARJACK/STRONGARM,903 Criminal Conspiracy. / 2701 Simple Assault. / 3702 Robbery of Motor Vehicle.,2304,1,1,-79.99897808,40.45397779
3014374,18145268,3,2018-07-29T21:10:00,"S 18th ST & Rugraff ST Pittsburgh, PA 15210",N,South Side Slopes,3,ROBBERY/CARJACK/GUN,3702 Robbery of Motor Vehicle.,1706,3,3,-79.98761081,40.41961558
3016962,18150216,3,2018-08-05T21:31:00,"2800 Block Shadeland AV Pittsburgh, PA 15212",N,Marshall-Shadeland,1,ROBBERY/CARJACK/GUN,3702 Robbery of Motor Vehicle.,2715,1,1,-80.03012049,40.46995271
3017616,18151338,3,2018-08-07T13:33:00,"7300 Block Reynolds ST Pittsburgh, PA 15208",Y,Point Breeze,4,ROBBERY/CARJACK/STRONGARM,903 Criminal Conspiracy. / 2701 Simple Assault. / 2705 Recklessy Endangering Another Person. / 3702 Robbery of Motor Vehicle.,1406,9,3,-79.90133519,40.4458249
3017617,18146849,3,2018-08-01T05:00:00,"E North AV & Boyle ST Pittsburgh, PA 15212",Y,Allegheny Center,1,ROBBERY/CARJACK/GUN,901 Criminal Attempt / 3701 Robbery.,2204,1,1,-80.00571141,40.45563223
3017632,18150778,3,2018-08-06T17:40:00,"6400 Block Penn AV Pittsburgh, PA 15206",Y,Larimer,5,ROBBERY/CARJACK/STRONGARM,3702 Robbery of Motor Vehicle.,1208,9,2,-79.91743506,40.45751349
3025488,18176591,3,2018-09-09T16:22:00,"Dagmar AV & Hampshire AV Pittsburgh, PA 15216",N,Beechview,6,ROBBERY/CARJACK/GUN,3701 Robbery. / 3702 Robbery of Motor Vehicle.,1916,4,5,-80.02284348,40.41064058
3027472,18170493,3,2018-09-01T16:08:00,"500 Block Liberty AV Pittsburgh, PA 15222",N,Central Business District,2,ROBBERY/CARJACK/GUN,903 Criminal Conspiracy. / 2901 Kidnapping. / 2902 Unlawful Restraint. / 3702 Robbery of Motor Vehicle.,201,6,6,-80.00359311,40.44121755
3028595,18187117,3,2018-09-22T21:02:00,"100 Block Riverview AV Pittsburgh, PA 15214",N,Perry North,1,ROBBERY/CARJACK/GUN,3702 Robbery of Motor Vehicle.,2602,1,1,-80.01687909,40.48329393
3034220,18211216,3,2018-10-24T19:48:00,Zone 3,N,,3,ROBBERY/CARJACK/GUN,2702 Aggravated Assault. / 3702 Robbery of Motor Vehicle.,,,,,
3039246,18189202,3,2018-09-25T18:13:00,"400 Block Bark ST Pittsburgh, PA 15214",Y,Perry South,1,ROBBERY/CARJACK/GUN,3702 Robbery of Motor Vehicle.,2614,6,1,-80.00589088,40.46774686
3043966,18223799,3,2018-11-12T18:39:00,"500 Block East End AV Pittsburgh, PA 15221",N,Point Breeze,4,ROBBERY/CARJACK/GUN,3702 Robbery of Motor Vehicle.,1406,9,3,-79.89581085,40.44275131
3043970,18233747,3,2018-11-28T02:30:00,"1900 Block Brownsville RD Pittsburgh, PA 15210",N,Carrick,3,ROBBERY/CARJACK/GUN,2706 Terroristic Threats. / 3701 Robbery. / 3921(a) Theft by Unlawful Taking or Disposition - Movable item,2901,4,3,-79.98750881,40.3960604
3046686,18244050,3,2018-12-11T22:00:00,"Remington DR & Sunrise AV Pittsburgh, PA 15221",N,East Hills,5,ROBBERY/CARJACK/GUN,3701 Robbery.,1306,9,2,-79.86927372,40.45084738
3051006,19001798,3,2019-01-03T16:57:00,"1900 Block Waite ST Pittsburgh, PA 15210",N,Arlington,3,ROBBERY/CARJACK/GUN,2702 Aggravated Assault. / 2705 Recklessy Endangering Another Person. / 3702 Robbery of Motor Vehicle.,1603,3,3,-79.97874514,40.41717892
3051620,19003452,3,2019-01-06T04:24:00,"East Liberty BL & N Negley AV Pittsburgh, PA 15206",N,East Liberty,5,ROBBERY/CARJACK/STRONGARM,"3702 Robbery of Motor Vehicle. / 2701(a)(1) Simple Assault - Intent., Know., Reckless.Cause Bod. Injury",1113,9,2,-79.92814425,40.46770574
3053461,19011123,3,2019-01-17T18:15:00,"200 Block Auburn ST Pittsburgh, PA 15206",Y,Larimer,5,ROBBERY/CARJACK/STRONGARM,3702 Robbery of Motor Vehicle. / 9125 Possible  Stolen Car Recovered,1208,9,2,-79.91452241,40.46183959
3054592,19016446,3,2019-01-26T02:39:00,"100 Block De Ruad ST Pittsburgh, PA 15219",N,West Oakland,4,ROBBERY/CARJACK/KNIFE,903 Criminal Conspiracy. / 2702 Aggravated Assault. / 3701 Robbery. / 3921(a) Theft by Unlawful Taking or Disposition - Movable item,402,,,-79.86466507,40.41985636
3057653,19022195,3,2019-02-04T02:38:00,"Frankstown AV & N Braddock AV Pittsburgh, PA 15208",Y,Homewood North,5,ROBBERY/CARJACK/GUN,2705 Recklessy Endangering Another Person. / 3702 Robbery of Motor Vehicle. / 3925 Receiving Stolen Property. / 3921(a) Theft by Unlawful Taking or Disposition - Movable item,1302,9,2,-79.89002416,40.45596555
3065956,19051147,3,2019-03-18T21:42:00,"Liverpool ST & Fulton ST Pittsburgh, PA 15233",N,Manchester,1,ROBBERY/CARJACK/GUN,3702 Robbery of Motor Vehicle.,2107,6,1,-80.02506642,40.45527073
3070850,19067598,3,2019-04-12T15:05:00,"Hermitage ST & Brushton AV Pittsburgh, PA 15208",N,Homewood North,5,ROBBERY/CARJACK/GUN,3701 Robbery. / 3702 Robbery of Motor Vehicle.,1301,9,2,-79.88861061,40.45871485
3072802,19075024,3,2019-04-22T14:55:00,"1100 Block Woods Run AV Pittsburgh, PA 15212",N,Brighton Heights,1,ROBBERY/CARJACK/GUN,3702 Robbery of Motor Vehicle.,2708,,,-79.88389821,40.44448757
3073188,19076091,3,2019-04-23T21:51:00,"3600 Block Forbes AV Pittsburgh, PA 15213",N,Central Oakland,4,ROBBERY/CARJACK/GUN,3702 Robbery of Motor Vehicle. / 2701(a)(3) Simple Assault - Attempts by Physical Menace ,405,3,3,-79.95744381,40.44027244
3073851,19078689,3,2019-04-27T02:30:00,"Susquehanna ST & El CT Pittsburgh, PA 15221",N,Homewood South,5,ROBBERY/CARJACK/STRONGARM,2702 Aggravated Assault. / 3702 Robbery of Motor Vehicle.,1304,9,2,-79.8901623,40.45024487
3074007,19078539,3,2019-04-27T05:01:00,"S 18th ST & E Carson ST Pittsburgh, PA 15203",N,South Side Flats,3,ROBBERY/CARJACK/STRONGARM,2705 Recklessy Endangering Another Person. / 3921(a) Theft by Unlawful Taking or Disposition - Movable item,1702,3,3,-79.98056527,40.42876656
3076089,19082180,3,2019-05-02T00:45:00,"600 Block East End AV Pittsburgh, PA 15221",N,Squirrel Hill North,4,ROBBERY/CARJACK/STRONGARM,903 Criminal Conspiracy. / 2701 Simple Assault. / 3701 Robbery. / 3702 Robbery of Motor Vehicle.,1403,9,3,-79.89667844,40.43956763
3077047,19086675,3,2019-05-08T01:04:00,"5500 Block Columbo ST Pittsburgh, PA 15206",N,Garfield,5,ROBBERY/CARJACK/GUN,2702 Aggravated Assault. / 2706 Terroristic Threats. / 3701 Robbery. / 3702 Robbery of Motor Vehicle. / 2701(a)(3) Simple Assault - Attempts by Physical Menace  / 3921(a) Theft by Unlawful Taking or Disposition - Movable item,1114,9,2,-79.93167064,40.46861414
3081066,19101679,3,2019-05-27T10:28:00,"3100 Block Brighton RD Pittsburgh, PA 15212",N,Marshall-Shadeland,1,ROBBERY/CARJACK/GUN,3701 Robbery. / 3702 Robbery of Motor Vehicle.,2715,1,1,-80.0288329,40.47393593
3086209,19117500,3,2019-06-16T14:55:00,"Taylor ST & Idaline ST Pittsburgh, PA 15224",N,Bloomfield,5,ROBBERY/CARJACK/STRONGARM,2705 Recklessy Endangering Another Person. / 3702 Robbery of Motor Vehicle. / 3736 Reckless Driving / 3921(a) Theft by Unlawful Taking or Disposition - Movable item,802,7,2,-79.95180896,40.46141436
3087379,19123617,3,2019-06-24T15:38:00,"5400 Block Penn AV Pittsburgh, PA 15224",N,Bloomfield,5,ROBBERY/CARJACK/GUN,"3701 Robbery. / 3702 Robbery of Motor Vehicle. / 6105(a)(1) Persons not to possess, use, manufacture, control, sell or transfer firearms: Former Convict enumerated in subsection (b) / 1501 Drivers Required to be Licensed.",809,9,2,-79.9364192,40.46444914
3089520,19112577,3,2019-06-10T05:46:00,"200 Block Lombard ST Pittsburgh, PA 15219",N,Crawford-Roberts,2,ROBBERY/CARJACK/GUN,2901 Kidnapping. / 2903 False Imprisonment. / 3502 Burglary. / 3701 Robbery. / 3702 Robbery of Motor Vehicle.,305,,,0,0
3094097,19144737,3,2019-07-23T08:36:00,"1300 Block Federal ST Pittsburgh, PA 15212",Y,Central North Side,1,ROBBERY/CARJACK/GUN,3702 Robbery of Motor Vehicle. / 2701(a)(3) Simple Assault - Attempts by Physical Menace ,2206,1,1,-80.00687647,40.45673942
3094694,19148156,3,2019-07-27T22:50:00,"2500 Block Brighton RD Pittsburgh, PA 15212",N,Marshall-Shadeland,1,ROBBERY/CARJACK/STRONGARM,3702 Robbery of Motor Vehicle.,2704,6,1,-80.02500971,40.4669233
3096623,19151297,3,2019-08-01T01:45:00,"2600 Block Penn AV Pittsburgh, PA 15222",N,Strip District,2,ROBBERY/CARJACK/GUN,2702 Aggravated Assault. / 2705 Recklessy Endangering Another Person. / 3702 Robbery of Motor Vehicle. / 607.03 Discharging Firearm or Airgun / 2701(a)(3) Simple Assault - Attempts by Physical Menace ,203,7,6,-79.9784289,40.45493694
3100164,19164436,3,2019-08-18T05:10:00,"Forbes AV & S Bellefield AV Pittsburgh, PA 15213",N,North Oakland,4,ROBBERY/CARJACK/GUN,3701 Robbery.,404,8,3,-79.95074274,40.44391617
3107235,19193215,3,2019-09-23T20:24:00,"3200 Block Brighton RD Pittsburgh, PA 15212",Y,Marshall-Shadeland,1,ROBBERY/CARJACK/STRONGARM,2701 Simple Assault. / 3701 Robbery. / 3921(a) Theft by Unlawful Taking or Disposition - Movable item,2715,1,1,-80.03110812,40.47578918
3111508,19201471,3,2019-10-03T20:28:00,"3000 Block Merwyn AV Pittsburgh, PA 15204",N,Sheraden,6,ROBBERY/CARJACK/GUN,2701 Simple Assault. / 3701 Robbery. / 3921 Theft by Unlawful Taking or Disposition.,2018,2,5,-80.05185969,40.45727555
3112186,19205079,3,2019-10-08T14:33:00,"Borland ST & East Liberty BL Pittsburgh, PA 15206",Y,East Liberty,5,ROBBERY/CARJACK/GUN,901 Criminal Attempt / 3702 Robbery of Motor Vehicle. / 3925 Receiving Stolen Property. / 6106 Firearms not to be Carried without a License. / 1501 Drivers Required to be Licensed. / 3733 Fleeing or Attempting to Elude Police Officer / 2701(a)(3) Simple Assault - Attempts by Physical Menace ,1113,9,2,-79.92498817,40.46665041
3114686,19217198,3,2019-10-24T18:55:00,"2400 Block Brownsville RD Pittsburgh, PA 15210",N,Carrick,3,ROBBERY/CARJACK/STRONGARM,3701 Robbery.,2904,4,3,-79.98355576,40.3869346
3119838,19228076,3,2019-11-08T03:40:00,"Thomas ST & N Linden AV Pittsburgh, PA 15208",N,Point Breeze North,4,ROBBERY/CARJACK/STRONGARM,3701 Robbery.,1405,9,2,-79.90909706,40.45405878
3120177,19226293,3,2019-11-05T17:15:00,"10 Block E Meyers ST Pittsburgh, PA 15210",N,Carrick,3,ROBBERY/CARJACK/OTHER,3702 Robbery of Motor Vehicle.,2902,4,3,-79.98740744,40.3999695
3122296,19237145,3,2019-11-20T19:15:00,"1500 Block Westmoreland AV Pittsburgh, PA 15206",N,Lincoln-Lemington-Belmar,5,ROBBERY/CARJACK/GUN,3701 Robbery. / 3702 Robbery of Motor Vehicle. / 2701(a)(3) Simple Assault - Attempts by Physical Menace ,1202,9,2,-79.89459363,40.4682552
3123475,19240609,3,2019-11-25T16:00:00,"Nixon ST & Manhattan ST Pittsburgh, PA 15233",N,Manchester,1,ROBBERY/CARJACK/GUN,3702 Robbery of Motor Vehicle. / 2701(a)(3) Simple Assault - Attempts by Physical Menace ,2107,6,1,-80.02812215,40.45953534
3128465,19258420,3,2019-12-21T08:35:00,"900 Block Freeport RD Pittsburgh, PA 15238",N,Lincoln-Lemington-Belmar,5,ROBBERY/CARJACK/STRONGARM,3702 Robbery of Motor Vehicle.,1201,9,2,-79.89235295,40.4861185
3129659,19263342,3,2019-12-30T09:15:00,"1800 Block E Carson ST Pittsburgh, PA 15203",N,South Side Flats,3,ROBBERY/CARJACK/GUN,2706 Terroristic Threats. / 3921 Theft by Unlawful Taking or Disposition. / 2701(a)(3) Simple Assault - Attempts by Physical Menace ,1702,3,3,-79.9805304,40.42875601
3132932,20009887,3,2020-01-14T19:16:00,"3000 Block Arlington AV Pittsburgh, PA 15210",N,Arlington Heights,3,ROBBERY/CARJACK/GUN,901 Criminal Attempt / 3701 Robbery.,1604,,,0,0
3133786,20010742,3,2020-01-16T00:10:00,"2000 Block Hazeldell ST Pittsburgh, PA 15210",N,Carrick,3,ROBBERY/CARJACK/STRONGARM,901 Criminal Attempt / 3702 Robbery of Motor Vehicle.,2902,4,3,-79.98524731,40.39416325
3147437,20044824,3,2020-03-04T17:56:00,"6200 Block Penn AV Pittsburgh, PA 15206",Y,East Liberty,5,ROBBERY/CARJACK/STRONGARM,903 Criminal Conspiracy. / 2702 Aggravated Assault. / 2705 Recklessy Endangering Another Person. / 3702 Robbery of Motor Vehicle.,1115,,,0,0
3152972,20077651,3,2020-04-20T16:05:00,"8600 Block Bricelyn ST Pittsburgh, PA 15221",N,East Hills,5,ROBBERY/CARJACK/GUN,3701 Robbery.,1306,9,2,-79.87435923,40.45786477
3155221,20084950,3,2020-05-07T19:09:00,"Hazlett ST & Boyer ST Pittsburgh, PA 15214",Y,Northview Heights,1,ROBBERY/CARJACK/GUN,903 Criminal Conspiracy. / 2705 Recklessy Endangering Another Person. / 3701 Robbery. / 3702 Robbery of Motor Vehicle. / 5123 Contraband. / 6106 Firearms not to be Carried without a License. / 6117 Altering or Obliterating Marks of Identification. / 13(a)(16) Possession of Controlled Substance / 13(a)(30) Possession w/ Intent to Del. Controlled Substance,2609,6,1,-80.00443145,40.47508911
3166012,20127270,3,2020-07-11T01:19:00,Zone 4,Y,,4,ROBBERY/CARJACK/GUN,903 Criminal Conspiracy. / 2702 Aggravated Assault. / 3701 Robbery. / 3925 Receiving Stolen Property. / 6301 Corruption of Minors. / 9501 Bench Warrant / 3921(a) Theft by Unlawful Taking or Disposition - Movable item,,,,,
3167219,20125131,3,2020-07-07T21:02:00,"Wooster ST & Ishar WY Pittsburgh, PA 15219",N,Middle Hill,2,ROBBERY/CARJACK/STRONGARM,2701 Simple Assault. / 3701 Robbery. / 3702 Robbery of Motor Vehicle. / 3921(a) Theft by Unlawful Taking or Disposition - Movable item,501,6,3,-79.97854706,40.44566896
3172238,20142605,3,2020-08-03T15:20:00,"3500 Block Allendale ST Pittsburgh, PA 15204",Y,Sheraden,6,ROBBERY/CARJACK/STRONGARM,2701 Simple Assault. / 3702 Robbery of Motor Vehicle. / 5107 Aiding Consummation of Crime. / 1543 Driving While Operating Privilege is Suspended or Revoked. / 3921(a) Theft by Unlawful Taking or Disposition - Movable item,2022,2,5,-80.06435846,40.45886739
3173615,20158235,3,2020-08-25T21:38:00,"7200 Block Tioga ST Pittsburgh, PA 15208",Y,Homewood South,5,ROBBERY/CARJACK/GUN,3702 Robbery of Motor Vehicle.,1303,,,0,0
3174002,20149077,3,2020-08-13T06:14:00,"200 Block Alice ST Pittsburgh, PA 15210",N,Knoxville,3,ROBBERY/CARJACK/GUN,3702 Robbery of Motor Vehicle. / 3921(a) Theft by Unlawful Taking or Disposition - Movable item,3001,,,0,0
3175490,20155712,3,2020-08-22T09:20:00,"200 Block Taylor ST Pittsburgh, PA 15224",N,Bloomfield,5,ROBBERY/CARJACK/GUN,3702 Robbery of Motor Vehicle. / 3733 Fleeing or Attempting to Elude Police Officer,903,7,2,-79.95001862,40.46396349
3180710,20172407,3,2020-09-15T01:28:00,"N Homewood AV & Monticello ST Pittsburgh, PA 15208",N,Homewood North,5,ROBBERY/CARJACK/GUN,3702 Robbery of Motor Vehicle. / 3921 Theft by Unlawful Taking or Disposition.,1302,9,2,-79.89547544,40.45952876
3181733,20177606,3,2020-09-22T17:38:00,"2400 Block Chauncey DR Pittsburgh, PA 15219",N,Bedford Dwellings,2,ROBBERY/CARJACK/GUN,3304 Criminal Mischief. / 3702 Robbery of Motor Vehicle.,509,6,3,-79.97462514,40.44984081
3181739,20177630,3,2020-09-22T18:47:00,"700 Block 5th AV Pittsburgh, PA 15219",Y,Bluff,2,ROBBERY/CARJACK/OTHER,3925 Receiving Stolen Property. / 9501 Bench Warrant,103,6,6,-79.99335582,40.43877246
3182702,20180383,3,2020-09-26T20:30:00,"2100 Block E Carson ST Pittsburgh, PA 15203",Y,South Side Flats,3,ROBBERY/CARJACK/STRONGARM,2701 Simple Assault. / 3702 Robbery of Motor Vehicle.,1609,3,3,-79.97607197,40.42831461
3192234,20209774,3,2020-11-10T13:40:00,"S 22nd ST & Mary ST Pittsburgh, PA 15203",N,South Side Flats,3,ROBBERY/CARJACK/STRONGARM,3702 Robbery of Motor Vehicle.,1609,3,3,-79.97490884,40.42572061
3194475,20218309,3,2020-11-23T23:10:00,"300 Block Suncrest ST Pittsburgh, PA 15210",N,Knoxville,3,ROBBERY/CARJACK/GUN,2702 Aggravated Assault. / 3702 Robbery of Motor Vehicle.,3001,3,5,-79.99322594,40.41056014
3195029,20218150,3,2020-11-23T18:08:00,"1700 Block Belleau DR Pittsburgh, PA 15212",Y,Fineview,1,ROBBERY/CARJACK/GUN,3701 Robbery. / 3702 Robbery of Motor Vehicle.,2509,6,1,-80.00698339,40.46031055
3199152,20232107,3,2020-12-17T21:09:00,"Brutus WY & Thornton ST Pittsburgh, PA 15204",N,Sheraden,6,ROBBERY/CARJACK/GUN,3702 Robbery of Motor Vehicle.,2018,2,5,-80.05533683,40.45652032
3200140,20235900,3,2020-12-25T01:05:00,"1300 Block Banksville RD Pittsburgh, PA 15216",N,Banksville,6,ROBBERY/CARJACK/GUN,3701 Robbery.,2023,2,5,-80.02994329,40.41594188
3202398,21002069,3,2021-01-04T19:20:00,"400 Block Hammond ST Pittsburgh, PA 15204",N,Sheraden,6,ROBBERY/CARJACK/GUN,2705 Recklessy Endangering Another Person. / 2706 Terroristic Threats. / 3702 Robbery of Motor Vehicle. / 2701(a)(3) Simple Assault - Attempts by Physical Menace ,2018,2,5,-80.04975744,40.45596992
3202543,21002530,3,2021-01-05T16:13:00,"200 Block Paulson AV Pittsburgh, PA 15206",N,Larimer,5,ROBBERY/CARJACK/GUN,3702 Robbery of Motor Vehicle.,1208,,,0,0
3202784,21004449,3,2021-01-08T20:10:00,"7100 Block Race ST Pittsburgh, PA 15208",N,Homewood North,5,ROBBERY/CARJACK/GUN,3702 Robbery of Motor Vehicle. / 2701(a)(3) Simple Assault - Attempts by Physical Menace  / 3921(a) Theft by Unlawful Taking or Disposition - Movable item,1302,9,2,-79.89793867,40.45933422
3203138,21006319,3,2021-01-12T04:27:00,"N Richland ST & Tioga ST Pittsburgh, PA 15208",N,Homewood South,5,ROBBERY/CARJACK/GUN,3702 Robbery of Motor Vehicle.,1303,9,2,-79.89320194,40.45254924
3204446,20233195,3,2020-12-19T21:37:00,"Brutus WY & Thornton ST Pittsburgh, PA 15204",N,Sheraden,6,ROBBERY/CARJACK/GUN,"3701 Robbery. / 2701(a)(1) Simple Assault - Intent., Know., Reckless.Cause Bod. Injury / 2701(a)(3) Simple Assault - Attempts by Physical Menace  / 3921(a) Theft by Unlawful Taking or Disposition - Movable item",2018,2,5,-80.05533683,40.45652032
3205393,21014969,3,2021-01-26T07:15:00,"Buente ST & Rhine ST Pittsburgh, PA 15212",N,Spring Hill-City View,1,ROBBERY/CARJACK/STRONGARM,3702 Robbery of Motor Vehicle.,2620,1,1,-79.99381144,40.46636065
3206485,21017301,3,2021-01-30T07:37:00,"Murray AV & Forward AV Pittsburgh, PA 15217",Y,Squirrel Hill South,4,ROBBERY/CARJACK/STRONGARM,"2705 Recklessy Endangering Another Person. / 3702 Robbery of Motor Vehicle. / 3925 Receiving Stolen Property. / 3928 Unauthorized Use of Automobile and Other Vehicles. / 1543 Driving While Operating Privilege is Suspended or Revoked. / 13(a)(32) Paraphernalia - Use or Possession / 13(a)(31) Marijuana: Possession Small Amount / 2701(a)(1) Simple Assault - Intent., Know., Reckless.Cause Bod. Injury / 2709(a)(1) Harassment by Physical Contact, or Attempts or Threats",1414,5,3,-79.92348861,40.4297459
3206509,21017375,3,2021-01-30T10:21:00,"70 Block E Carson ST Pittsburgh, PA 15210",N,South Shore,3,ROBBERY/CARJACK/GUN,3702 Robbery of Motor Vehicle. / 3921 Theft by Unlawful Taking or Disposition.,1921,3,5,-80.00186267,40.43110805
3206546,21017475,3,2021-01-30T14:12:00,"Monticello ST & Collier ST Pittsburgh, PA 15208",N,Homewood North,5,ROBBERY/CARJACK/GUN,3702 Robbery of Motor Vehicle. / 9094 Recovered Stolen Vehicle (OUTSIDE CITY),1302,9,2,-79.89107518,40.45852919
3207404,20232838,3,2020-12-19T05:53:00,"300 Block Stanhope ST Pittsburgh, PA 15204",Y,Esplen,6,ROBBERY/CARJACK/OTHER,2705 Recklessy Endangering Another Person. / 2902 Unlawful Restraint. / 3702 Robbery of Motor Vehicle.,2017,2,5,-80.0560988,40.46363615
3207664,21019312,3,2021-02-02T19:15:00,"Benton AV & Atkins ST Pittsburgh, PA 15212",N,Brighton Heights,1,ROBBERY/CARJACK/GUN,2705 Recklessy Endangering Another Person. / 3702 Robbery of Motor Vehicle. / 3745 Accidents Involving Damage to Unattended Veh.or Prop. / 2701(a)(3) Simple Assault - Attempts by Physical Menace ,2708,1,1,-80.03466657,40.48507966
3211802,21032724,3,2021-02-26T05:35:00,"3000 Block Cake WY Pittsburgh, PA 15212",N,Marshall-Shadeland,1,ROBBERY/CARJACK/GUN,3702 Robbery of Motor Vehicle.,2715,1,1,-80.03132474,40.47149557
3214226,20176451,3,2020-09-20T23:55:00,"4000 Block Liberty AV Pittsburgh, PA 15224",N,Bloomfield,5,ROBBERY/CARJACK/STRONGARM,901 Criminal Attempt / 3701 Robbery. / 4106 Access Device Fraud,903,7,2,-79.95725055,40.46282249
3216770,21043989,3,2021-03-15T21:19:00,"600 Block Hollace ST Pittsburgh, PA 15219",N,Middle Hill,2,ROBBERY/CARJACK/GUN,2702 Aggravated Assault. / 2705 Recklessy Endangering Another Person. / 3702 Robbery of Motor Vehicle.,501,6,3,-79.96740752,40.44995308
3219863,21039546,3,2021-03-08T22:40:00,"Pioneer AV & Cadet AV Pittsburgh, PA 15226",N,Brookline,6,ROBBERY/CARJACK/GUN,3702 Robbery of Motor Vehicle.,1917,4,5,-80.00950204,40.41172198
3222837,21058569,3,2021-04-07T01:40:00,"Smithfield ST & 1st AV Pittsburgh, PA 15222",N,Central Business District,2,ROBBERY/CARJACK/GUN,2705 Recklessy Endangering Another Person. / 3702 Robbery of Motor Vehicle.,201,6,6,-80.00054962,40.43724274
3225265,21067881,3,2021-04-20T10:39:00,"Sterrett ST & Idlewild ST Pittsburgh, PA 15208",N,Homewood North,5,ROBBERY/CARJACK/STRONGARM,3702 Robbery of Motor Vehicle.,1302,9,2,-79.89384426,40.45768914
3226141,21070620,3,2021-04-24T17:18:00,"300 Block S Lang AV Pittsburgh, PA 15208",N,Point Breeze,4,ROBBERY/CARJACK/GUN,3702 Robbery of Motor Vehicle.,1406,8,3,-79.90529052,40.44858136
3227097,21051187,3,2021-03-26T21:30:00,"Lecky AV & Malden ST Pittsburgh, PA 15233",N,Manchester,1,ROBBERY/CARJACK/GUN,903 Criminal Conspiracy. / 2705 Recklessy Endangering Another Person. / 3702 Robbery of Motor Vehicle.,2107,1,1,-80.03450059,40.47463686
3229675,21077007,3,2021-05-04T03:10:00,"Forbes AV & Miltenberger ST Pittsburgh, PA 15219",N,Bluff,2,ROBBERY/CARJACK/GUN,2702 Aggravated Assault. / 3702 Robbery of Motor Vehicle.,103,6,3,-79.98143466,40.43750774
3232373,21067635,3,2021-04-19T23:23:00,"7300 Block Monticello ST Pittsburgh, PA 15208",N,Homewood North,5,ROBBERY/CARJACK/GUN,903 Criminal Conspiracy. / 3702 Robbery of Motor Vehicle. / 3921 Theft by Unlawful Taking or Disposition.,1302,9,2,-79.89325313,40.45883755
3237812,21104613,3,2021-06-13T23:15:00,"1200 Block Courtright ST Pittsburgh, PA 15212",N,Marshall-Shadeland,1,ROBBERY/CARJACK/GUN,3701 Robbery. / 3702 Robbery of Motor Vehicle. / 3921(a) Theft by Unlawful Taking or Disposition - Movable item,2715,,,0,0
3240284,21111415,3,2021-06-23T20:49:00,"2500 Block Irwin AV Pittsburgh, PA 15214",N,Perry South,1,ROBBERY/CARJACK/GUN,2705 Recklessy Endangering Another Person. / 3702 Robbery of Motor Vehicle. / 2701(a)(3) Simple Assault - Attempts by Physical Menace  / 3921(a) Theft by Unlawful Taking or Disposition - Movable item,2615,6,1,-80.01922013,40.46810987
3240310,21095556,3,2021-06-01T01:15:00,"Smithfield ST & 1st AV Pittsburgh, PA 15222",N,Central Business District,2,ROBBERY/CARJACK/GUN,3702 Robbery of Motor Vehicle. / 2701(a)(3) Simple Assault - Attempts by Physical Menace ,201,6,6,-80.00054962,40.43724274
3240895,21113327,3,2021-06-26T15:30:00,"N Lang AV & Race ST Pittsburgh, PA 15208",N,Homewood North,5,ROBBERY/CARJACK/STRONGARM,3702 Robbery of Motor Vehicle.,1301,9,2,-79.89797583,40.45933817
3241229,21114984,3,2021-06-28T23:04:00,"2500 Block N Charles ST Pittsburgh, PA 15214",N,Perry South,1,ROBBERY/CARJACK/GUN,3702 Robbery of Motor Vehicle. / 3921 Theft by Unlawful Taking or Disposition.,2615,6,1,-80.01882043,40.46689368
3241836,21115744,3,2021-06-30T04:00:00,"800 Block Chartiers AV Pittsburgh, PA 15220",N,Elliott,6,ROBBERY/CARJACK/GUN,3502 Burglary. / 3701 Robbery. / 3921(a) Theft by Unlawful Taking or Disposition - Movable item,2020,2,5,-80.03904135,40.44259536
3243584,21121634,3,2021-07-08T04:26:00,"6500 Block Apple AV Pittsburgh, PA 15206",N,Lincoln-Lemington-Belmar,5,ROBBERY/CARJACK/GUN,901 Criminal Attempt / 903 Criminal Conspiracy. / 2702 Aggravated Assault. / 3702 Robbery of Motor Vehicle. / 2701(a)(3) Simple Assault - Attempts by Physical Menace ,1203,,,0,0
3243711,21120827,3,2021-07-07T00:55:00,"2600 Block Norwood AV Pittsburgh, PA 15214",N,Perry South,1,ROBBERY/CARJACK/GUN,3701 Robbery. / 3921(a) Theft by Unlawful Taking or Disposition - Movable item,2615,6,1,-80.01270194,40.47025039
3243812,21121370,3,2021-07-07T19:02:00,"7700 Block Baxter ST Pittsburgh, PA 15221",N,Homewood North,5,ROBBERY/CARJACK/GUN,3702 Robbery of Motor Vehicle. / 3921 Theft by Unlawful Taking or Disposition.,1301,9,2,-79.88760983,40.45632146
3243824,21121398,3,2021-07-07T19:15:00,"Mohler ST & Tyson ST Pittsburgh, PA 15221",N,Homewood North,5,ROBBERY/CARJACK/GUN,3702 Robbery of Motor Vehicle.,1301,9,2,-79.88475967,40.4566958
3244520,21124276,3,2021-07-11T23:15:00,"7600 Block Hamilton AV Pittsburgh, PA 15221",N,Homewood South,5,ROBBERY/CARJACK/GUN,3701 Robbery.,1304,9,2,-79.89106961,40.4528606
3244984,21125541,3,2021-07-13T19:10:00,"6800 Block Frankstown AV Pittsburgh, PA 15208",N,Homewood West,5,ROBBERY/CARJACK/STRONGARM,3702 Robbery of Motor Vehicle.,1207,9,2,-79.90598514,40.45812233
3246587,21128811,3,2021-07-18T05:00:00,"900 Block Brushton AV Pittsburgh, PA 15221",N,Homewood North,5,ROBBERY/CARJACK/GUN,2702 Aggravated Assault. / 3701 Robbery.,1301,9,2,-79.88807486,40.45555791
3247388,21135299,3,2021-07-27T16:36:00,"1000 Block Washington BL Pittsburgh, PA 15206",Y,Lincoln-Lemington-Belmar,5,ROBBERY/CARJACK/GUN,901 Criminal Attempt / 2702 Aggravated Assault. / 3702 Robbery of Motor Vehicle.,1203,9,2,-79.90560241,40.4626456
3250310,21139670,3,2021-08-03T02:18:00,"Frankstown AV & N Homewood AV Pittsburgh, PA 15208",N,Homewood North,5,ROBBERY/CARJACK/GUN,3702 Robbery of Motor Vehicle.,1302,9,2,-79.89630115,40.45740466
3250863,21142958,3,2021-08-07T20:45:00,"3200 Block Universal ST Pittsburgh, PA 15204",N,Sheraden,6,ROBBERY/CARJACK/GUN,3702 Robbery of Motor Vehicle.,2022,2,5,-80.06190348,40.45519633
3251376,21086027,3,2021-05-18T05:30:00,"700 Block Lorenz AV Pittsburgh, PA 15220",Y,Elliott,6,ROBBERY/CARJACK/GUN,3702 Robbery of Motor Vehicle. / 6106 Firearms not to be Carried without a License. / 6110.2 Possesion of Firearm with Altered Mfg. Number / 2701(a)(3) Simple Assault - Attempts by Physical Menace ,2020,2,5,-80.03924987,40.44511801
3253364,21150947,3,2021-08-19T20:47:00,"2000 Block Fairlawn ST Pittsburgh, PA 15221",N,East Hills,5,ROBBERY/CARJACK/GUN,3702 Robbery of Motor Vehicle.,1306,9,2,-79.87008249,40.45035753
3262933,21176137,3,2021-09-25T14:19:00,"Kathleen ST & Cushman WY Pittsburgh, PA 15211",N,Mount Washington,3,ROBBERY/CARJACK/GUN,2702 Aggravated Assault. / 2705 Recklessy Endangering Another Person. / 3702 Robbery of Motor Vehicle. / 8106 Shots Fired,1807,3,5,-80.00442639,40.42552321
3263887,21180599,3,2021-10-02T14:35:00,"800 Block Loyal WY Pittsburgh, PA 15210",Y,Allentown,3,ROBBERY/CARJACK/STRONGARM,903 Criminal Conspiracy. / 3701 Robbery. / 3925 Receiving Stolen Property.,1803,3,5,-79.99365721,40.41956043
3267384,21189692,3,2021-10-16T01:53:00,"Milroy ST & Bothwell AV Pittsburgh, PA 15214",N,Perry North,1,ROBBERY/CARJACK/GUN,2705 Recklessy Endangering Another Person. / 3702 Robbery of Motor Vehicle.,2607,1,1,-80.01062792,40.4763541
3267428,21189823,3,2021-10-16T09:25:00,"100 Block White Pine PL Pittsburgh, PA 15221",Y,East Hills,5,ROBBERY/CARJACK/STRONGARM,2701 Simple Assault. / 3702 Robbery of Motor Vehicle.,1306,9,2,-79.87373372,40.45461016
3267845,21187201,3,2021-10-12T12:45:00,"Johnston AV & Rivermont DR Pittsburgh, PA 15207",N,Glen Hazel,4,ROBBERY/CARJACK/STRONGARM,2701 Simple Assault. / 3702 Robbery of Motor Vehicle.,1504,5,3,-79.92749066,40.40675787
3268255,21192639,3,2021-10-20T23:48:00,"300 Block Mt Pleasant RD Pittsburgh, PA 15214",N,Northview Heights,1,ROBBERY/CARJACK/STRONGARM,"2709(a) Harassment. / 3702 Robbery of Motor Vehicle. / 3921 Theft by Unlawful Taking or Disposition. / 3928 Unauthorized Use of Automobile and Other Vehicles. / 2701(a)(1) Simple Assault - Intent., Know., Reckless.Cause Bod. Injury",2609,,,0,0
3269434,21193779,3,2021-10-22T19:54:00,"3200 Block Brighton RD Pittsburgh, PA 15212",N,Marshall-Shadeland,1,ROBBERY/CARJACK/GUN,3702 Robbery of Motor Vehicle.,2715,1,1,-80.03110812,40.47578918
3276340,21212023,3,2021-11-23T02:16:00,"100 Block Ruth ST Pittsburgh, PA 15211",N,Mount Washington,3,ROBBERY/CARJACK/GUN,3702 Robbery of Motor Vehicle. / 2701(a)(3) Simple Assault - Attempts by Physical Menace ,1915,2,5,-80.0052319,40.42379089
3276935,21217154,3,2021-12-03T01:35:00,"100 Block Hazlett ST Pittsburgh, PA 15214",Y,Northview Heights,1,ROBBERY/CARJACK/GUN,901 Criminal Attempt / 903 Criminal Conspiracy. / 3701 Robbery.,2609,1,1,-80.00164753,40.47712209
3278724,21216523,3,2021-12-01T21:56:00,"1000 Block Brushton AV Pittsburgh, PA 15221",N,Homewood North,5,ROBBERY/CARJACK/GUN,3701 Robbery. / 3702 Robbery of Motor Vehicle.,1301,9,2,-79.88772958,40.4565467
3279561,21222788,3,2021-12-13T05:50:00,"100 Block Richey AV Pittsburgh, PA 15214",N,Perry North,1,ROBBERY/CARJACK/GUN,"2702 Aggravated Assault. / 2706 Terroristic Threats. / 2901 Kidnapping. / 3502 Burglary. / 3701 Robbery. / 3702 Robbery of Motor Vehicle. / 2701(a)(1) Simple Assault - Intent., Know., Reckless.Cause Bod. Injury",2607,1,1,-80.01512449,40.48685449
3283622,22000944,3,2022-01-03T00:57:00,"5th AV & Gist ST Pittsburgh, PA 15219",Y,Bluff,2,ROBBERY/CARJACK/GUN,"2706 Terroristic Threats. / 3702 Robbery of Motor Vehicle. / 6105(a)(1) Persons not to possess, use, manufacture, control, sell or transfer firearms: Former Convict enumerated in subsection (b) / 6106 Firearms not to be Carried without a License. / 13(a)(16) Possession of Controlled Substance / 13(a)(30) Possession w/ Intent to Del. Controlled Substance / 13(a)(32) Paraphernalia - Use or Possession / 2701(a)(3) Simple Assault - Attempts by Physical Menace ",103,6,3,-79.97944693,40.43831014
3284749,22004461,3,2022-01-09T15:28:00,"600 Block N Homewood AV Pittsburgh, PA 15208",N,Homewood South,5,ROBBERY/CARJACK/STRONGARM,2701 Simple Assault. / 3702 Robbery of Motor Vehicle. / 3921 Theft by Unlawful Taking or Disposition.,1303,9,2,-79.89750165,40.45465668
